model_name,n_rows,avg_prediction_word_count,avg_prediction_unique_word_count,avg_prediction_avg_zipf_frequency,avg_prediction_low_zipf_ratio,avg_prediction_very_low_zipf_ratio,avg_prediction_flesch_reading_ease,avg_prediction_flesch_kincaid_grade,avg_prediction_gunning_fog,avg_prediction_smog_index,avg_prediction_sentence_count,avg_prediction_avg_sentence_length,avg_input_word_count,avg_target_word_count,avg_compression_ratio_vs_input,avg_compression_ratio_vs_target,avg_abs_word_count_gap_vs_target,rouge1,rouge2,rougeL,rougeLsum,bertscore_precision,bertscore_recall,bertscore_f1
bart_large_cnn_base,40,56.55,45.25,5.1746,0.2125,0.0748,29.2202,13.938,17.2778,15.0596,2.875,20.8892,285.725,92.45,0.2278,0.6379,36.55,0.3652145104309089,0.11227120255781098,0.21759833022925562,0.21775750122186793,0.8773,0.8629,0.8699
checkpoint4866,40,97.875,70.25,5.1596,0.2149,0.0755,23.8744,15.7916,18.9751,16.5886,4.05,25.7638,285.725,92.45,0.3911,1.0964,27.825,0.41888645994568535,0.1301905718737125,0.24235253787335814,0.24130232529154655,0.8643,0.8754,0.8697
led_base_16384,40,119.15,75.925,5.1138,0.2287,0.0816,27.0259,15.2837,18.711,16.3649,5.05,25.418,285.725,92.45,0.4951,1.3492,32.65,0.3831085176067143,0.10516814607153668,0.20235501626665953,0.20247442934060084,0.8394,0.8666,0.8527
pegasus_arxiv,40,79.075,51.3,5.5626,0.1363,0.0286,30.5057,16.6712,20.1957,17.0276,2.7,30.806,285.725,92.45,0.3182,0.8802,29.275,0.34700140466023555,0.06898261147460016,0.20323532804966313,0.20347014335917146,0.8382,0.8476,0.8428
