model_name,rouge1,rouge2,rougeL,rougeLsum,n_rows
bart_large_cnn_base,0.3645404547849052,0.11337208624009298,0.21806470877998962,0.21745542662381828,40
checkpoint4866,0.419323129527258,0.13016653913866622,0.2410977948926976,0.24245331560680755,40
final_checkpoint,0.419323129527258,0.13016653913866622,0.2410977948926976,0.24245331560680755,40
